ID,Tipo,Ruta,Fecha
7,modificado,reportes/avtividad.txt,2025-10-21T09:37:50.901532
6,modificado,reportes/avtividad.txt,2025-10-21T09:37:47.605799
5,modificado,reportes/avtividad.txt,2025-10-21T09:37:47.595992
4,modificado,reportes/avtividad.txt,2025-10-21T09:37:43.467519
3,creado,reportes/avtividad.txt,2025-10-21T09:37:40.421368
2,usb_desconectada,USB\VID_1532&PID_0098\5&199A9702&0&3,2025-10-21T09:37:25.292482
1,usb_conectada,USB\VID_1532&PID_0098\5&199A9702&0&3,2025-10-21T09:37:21.113124
